input_1,input_2,input_3
9.500000000E+02,7.684683552E+01,1.175886015E+00
