input_1,input_2
9.500000000E+02,7.684683552E+01
