output_1,output_2
6.704800000e+00,2.345000000e+00
